{"cameraMode":{"drawMode":0,"name":"Shaded","section":"Shading Mode"},"sceneLighting":true,"audioPlay":false,"sceneViewState":{"showFog":true,"showMaterialUpdate":false,"showSkybox":false,"showFlares":true,"showImageEffects":true,"showParticleSystems":true},"in2DMode":false,"pivot":{"x":-34.55570983886719,"y":4.3420000076293949,"z":15.619653701782227},"rotation":{"x":-0.5499598383903503,"y":0.025058476254343988,"z":-0.017040768638253213,"w":-0.8346625566482544},"size":105.90019226074219,"orthographic":false}