{"cameraMode":{"drawMode":0,"name":"Shaded","section":"Shading Mode"},"sceneLighting":true,"audioPlay":false,"sceneViewState":{"showFog":true,"showMaterialUpdate":false,"showSkybox":false,"showFlares":true,"showImageEffects":true,"showParticleSystems":true},"in2DMode":false,"pivot":{"x":76.32498931884766,"y":2.114809513092041,"z":61.731475830078128},"rotation":{"x":-0.022731974720954896,"y":-0.25196167826652529,"z":-0.005490441340953112,"w":0.9676718711853027},"size":117.95164489746094,"orthographic":false}