{"cameraMode":{"drawMode":0,"name":"Shaded","section":"Shading Mode"},"sceneLighting":false,"audioPlay":false,"sceneViewState":{"showFog":true,"showMaterialUpdate":false,"showSkybox":false,"showFlares":true,"showImageEffects":true,"showParticleSystems":true},"in2DMode":false,"pivot":{"x":-31.557954788208009,"y":-3.9739227294921877,"z":41.75247573852539},"rotation":{"x":-0.04357690364122391,"y":0.956810474395752,"z":-0.2075071632862091,"w":-0.19968688488006593},"size":1.6893184185028077,"orthographic":false}