{"cameraMode":{"drawMode":0,"name":"Shaded","section":"Shading Mode"},"sceneLighting":true,"audioPlay":false,"sceneViewState":{"showFog":true,"showMaterialUpdate":false,"showSkybox":false,"showFlares":true,"showImageEffects":true,"showParticleSystems":true},"in2DMode":false,"pivot":{"x":-18.25291633605957,"y":16.12737274169922,"z":-32.1870002746582},"rotation":{"x":-0.16210511326789857,"y":-0.21336449682712556,"z":0.03593398630619049,"w":-0.9627819061279297},"size":1.1527577638626099,"orthographic":false}