{"cameraMode":{"drawMode":0,"name":"Shaded","section":"Shading Mode"},"sceneLighting":true,"audioPlay":false,"sceneViewState":{"showFog":true,"showMaterialUpdate":false,"showSkybox":true,"showFlares":true,"showImageEffects":true,"showParticleSystems":true},"in2DMode":false,"pivot":{"x":1.6235847473144532,"y":-2.677151679992676,"z":0.6540079116821289},"rotation":{"x":-0.11003918200731278,"y":0.8879207968711853,"z":-0.2822825610637665,"w":-0.3461284935474396},"size":10.0,"orthographic":false}