{"cameraMode":{"drawMode":0,"name":"Shaded","section":"Shading Mode"},"sceneLighting":false,"audioPlay":false,"sceneViewState":{"showFog":true,"showMaterialUpdate":false,"showSkybox":false,"showFlares":true,"showImageEffects":true,"showParticleSystems":true},"in2DMode":false,"pivot":{"x":4.526461124420166,"y":29.06763458251953,"z":-168.66229248046876},"rotation":{"x":0.009036386385560036,"y":-0.9884963631629944,"z":-0.06203287094831467,"w":-0.1420632153749466},"size":97.83143615722656,"orthographic":false}