{"cameraMode":{"drawMode":0,"name":"Shaded","section":"Shading Mode"},"sceneLighting":false,"audioPlay":false,"sceneViewState":{"showFog":true,"showMaterialUpdate":false,"showSkybox":false,"showFlares":true,"showImageEffects":true,"showParticleSystems":true},"in2DMode":false,"pivot":{"x":102.40691375732422,"y":12.507495880126954,"z":91.41583251953125},"rotation":{"x":-0.4435684382915497,"y":0.0036305857356637718,"z":-0.002122917678207159,"w":-0.8968473672866821},"size":8.487045288085938,"orthographic":false}