{"cameraMode":{"drawMode":0,"name":"Shaded","section":"Shading Mode"},"sceneLighting":true,"audioPlay":false,"sceneViewState":{"showFog":true,"showMaterialUpdate":false,"showSkybox":false,"showFlares":true,"showImageEffects":true,"showParticleSystems":true},"in2DMode":false,"pivot":{"x":-18.490957260131837,"y":15.957687377929688,"z":-32.1870002746582},"rotation":{"x":0.09764855355024338,"y":-0.7072007656097412,"z":0.0994410514831543,"w":0.693268895149231},"size":0.576379120349884,"orthographic":false}