{"cameraMode":{"drawMode":0,"name":"Shaded","section":"Shading Mode"},"sceneLighting":false,"audioPlay":false,"sceneViewState":{"showFog":true,"showMaterialUpdate":false,"showSkybox":false,"showFlares":true,"showImageEffects":true,"showParticleSystems":true},"in2DMode":false,"pivot":{"x":94.85919952392578,"y":13.4552640914917,"z":102.91502380371094},"rotation":{"x":-0.08667931705713272,"y":0.7839817404747009,"z":-0.11482477933168411,"w":-0.6044712662696838},"size":0.8660253882408142,"orthographic":false}