{"cameraMode":{"drawMode":0,"name":"Shaded","section":"Shading Mode"},"sceneLighting":false,"audioPlay":false,"sceneViewState":{"showFog":true,"showMaterialUpdate":false,"showSkybox":false,"showFlares":true,"showImageEffects":true,"showParticleSystems":true},"in2DMode":false,"pivot":{"x":-30.943519592285158,"y":-3.5614376068115236,"z":42.86599349975586},"rotation":{"x":-0.09075341373682022,"y":0.8746997117996216,"z":-0.1783398538827896,"w":-0.4431179165840149},"size":1.6893184185028077,"orthographic":false}