{"cameraMode":{"drawMode":0,"name":"Shaded","section":"Shading Mode"},"sceneLighting":true,"audioPlay":false,"sceneViewState":{"showFog":true,"showMaterialUpdate":false,"showSkybox":true,"showFlares":true,"showImageEffects":true,"showParticleSystems":true},"in2DMode":false,"pivot":{"x":-27.284637451171876,"y":-5.569528102874756,"z":0.08519357442855835},"rotation":{"x":0.17186138033866883,"y":-0.7090019583702087,"z":0.1850629597902298,"w":0.6584963202476502},"size":10.0,"orthographic":false}