{"cameraMode":{"drawMode":0,"name":"Shaded","section":"Shading Mode"},"sceneLighting":false,"audioPlay":false,"sceneViewState":{"showFog":true,"showMaterialUpdate":false,"showSkybox":false,"showFlares":true,"showImageEffects":true,"showParticleSystems":true},"in2DMode":false,"pivot":{"x":-1.0307976007461548,"y":1.1628856658935547,"z":-0.45411622524261477},"rotation":{"x":0.21252059936523438,"y":-0.20925255119800569,"z":0.0467439740896225,"w":0.9535526633262634},"size":1.7320507764816285,"orthographic":false}