{"cameraMode":{"drawMode":0,"name":"Shaded","section":"Shading Mode"},"sceneLighting":false,"audioPlay":false,"sceneViewState":{"showFog":true,"showMaterialUpdate":false,"showSkybox":false,"showFlares":true,"showImageEffects":true,"showParticleSystems":true},"in2DMode":false,"pivot":{"x":-30.673166275024415,"y":3.8350753784179689,"z":44.9437370300293},"rotation":{"x":0.3507213890552521,"y":0.2758444547653198,"z":-0.10707784444093704,"w":0.8889368176460266},"size":14.98156452178955,"orthographic":false}