{"cameraMode":{"drawMode":0,"name":"Shaded","section":"Shading Mode"},"sceneLighting":true,"audioPlay":false,"sceneViewState":{"showFog":true,"showMaterialUpdate":false,"showSkybox":false,"showFlares":true,"showImageEffects":true,"showParticleSystems":true},"in2DMode":false,"pivot":{"x":-30.754592895507814,"y":4.360881805419922,"z":2.2480945587158205},"rotation":{"x":-0.1267196238040924,"y":0.8617245554924011,"z":-0.41500088572502139,"w":-0.26315876841545107},"size":8.487049102783204,"orthographic":false}