{"cameraMode":{"drawMode":0,"name":"Shaded","section":"Shading Mode"},"sceneLighting":false,"audioPlay":false,"sceneViewState":{"showFog":true,"showMaterialUpdate":false,"showSkybox":false,"showFlares":true,"showImageEffects":true,"showParticleSystems":true},"in2DMode":false,"pivot":{"x":-18.35935401916504,"y":15.237082481384278,"z":-22.048343658447267},"rotation":{"x":-0.06478763371706009,"y":-0.02039368823170662,"z":0.00035498494980856776,"w":-0.9979627132415772},"size":8.487049102783204,"orthographic":false}