{"cameraMode":{"drawMode":0,"name":"Shaded","section":"Shading Mode"},"sceneLighting":false,"audioPlay":false,"sceneViewState":{"showFog":true,"showMaterialUpdate":false,"showSkybox":false,"showFlares":true,"showImageEffects":true,"showParticleSystems":true},"in2DMode":false,"pivot":{"x":-1.580522060394287,"y":1.40419340133667,"z":-0.4747925400733948},"rotation":{"x":0.07856272906064987,"y":-0.6927990913391113,"z":0.0764339342713356,"w":0.7129942178726196},"size":2.037811040878296,"orthographic":false}