{"cameraMode":{"drawMode":0,"name":"Shaded","section":"Shading Mode"},"sceneLighting":true,"audioPlay":false,"sceneViewState":{"showFog":true,"showMaterialUpdate":false,"showSkybox":false,"showFlares":true,"showImageEffects":true,"showParticleSystems":true},"in2DMode":false,"pivot":{"x":-17.156051635742189,"y":5.996526718139648,"z":40.601776123046878},"rotation":{"x":0.5205907225608826,"y":-0.4784637689590454,"z":0.5362670421600342,"w":0.4625300467014313},"size":27.04848289489746,"orthographic":false}