{"cameraMode":{"drawMode":0,"name":"Shaded","section":"Shading Mode"},"sceneLighting":false,"audioPlay":false,"sceneViewState":{"showFog":true,"showMaterialUpdate":false,"showSkybox":false,"showFlares":true,"showImageEffects":true,"showParticleSystems":true},"in2DMode":false,"pivot":{"x":-1.520652413368225,"y":-1.1003726720809937,"z":0.06952282041311264},"rotation":{"x":-0.10588964819908142,"y":0.7487232089042664,"z":-0.12415926903486252,"w":-0.6434538960456848},"size":3.0,"orthographic":false}