{"cameraMode":{"drawMode":0,"name":"Shaded","section":"Shading Mode"},"sceneLighting":false,"audioPlay":false,"sceneViewState":{"showFog":true,"showMaterialUpdate":false,"showSkybox":false,"showFlares":true,"showImageEffects":true,"showParticleSystems":true},"in2DMode":false,"pivot":{"x":158.544677734375,"y":2.6650190353393556,"z":2.9010555744171144},"rotation":{"x":-0.021499834954738618,"y":0.9248269200325012,"z":-0.054726164788007739,"w":-0.3765879273414612},"size":8.487045288085938,"orthographic":false}