{"cameraMode":{"drawMode":0,"name":"Shaded","section":"Shading Mode"},"sceneLighting":false,"audioPlay":false,"sceneViewState":{"showFog":true,"showMaterialUpdate":false,"showSkybox":false,"showFlares":true,"showImageEffects":true,"showParticleSystems":true},"in2DMode":false,"pivot":{"x":-0.008745193481445313,"y":0.016832828521728517,"z":0.013679027557373047},"rotation":{"x":0.010571894235908986,"y":0.9905875325202942,"z":-0.08512148261070252,"w":0.11361055076122284},"size":2.876972198486328,"orthographic":false}