{"cameraMode":{"drawMode":0,"name":"Shaded","section":"Shading Mode"},"sceneLighting":false,"audioPlay":false,"sceneViewState":{"showFog":true,"showMaterialUpdate":false,"showSkybox":false,"showFlares":true,"showImageEffects":true,"showParticleSystems":true},"in2DMode":false,"pivot":{"x":-1.1231963634490967,"y":3.095078468322754,"z":-2.4217941761016847},"rotation":{"x":-0.011232582852244378,"y":-0.987259030342102,"z":0.14341220259666444,"w":-0.07202021777629852},"size":1.1527581214904786,"orthographic":false}