{"cameraMode":{"drawMode":0,"name":"Shaded","section":"Shading Mode"},"sceneLighting":false,"audioPlay":false,"sceneViewState":{"showFog":true,"showMaterialUpdate":false,"showSkybox":false,"showFlares":true,"showImageEffects":true,"showParticleSystems":true},"in2DMode":false,"pivot":{"x":-18.25291633605957,"y":16.12737274169922,"z":-32.1870002746582},"rotation":{"x":-0.07374488562345505,"y":-0.03833748772740364,"z":0.0018663153750821949,"w":-0.9968108534812927},"size":1.1527577638626099,"orthographic":false}