{"cameraMode":{"drawMode":0,"name":"Shaded","section":"Shading Mode"},"sceneLighting":false,"audioPlay":false,"sceneViewState":{"showFog":true,"showMaterialUpdate":false,"showSkybox":false,"showFlares":true,"showImageEffects":true,"showParticleSystems":true},"in2DMode":false,"pivot":{"x":-17.707548141479493,"y":16.272634506225587,"z":-32.164974212646487},"rotation":{"x":-0.037680190056562427,"y":0.36242878437042239,"z":-0.0157005712389946,"w":-0.9314095377922058},"size":1.1527577638626099,"orthographic":false}