{"cameraMode":{"drawMode":0,"name":"Shaded","section":"Shading Mode"},"sceneLighting":true,"audioPlay":false,"sceneViewState":{"showFog":true,"showMaterialUpdate":false,"showSkybox":true,"showFlares":true,"showImageEffects":true,"showParticleSystems":true},"in2DMode":false,"pivot":{"x":1.0875861644744874,"y":1.6228134632110596,"z":7.502524375915527},"rotation":{"x":0.08411917090415955,"y":0.2732146978378296,"z":-0.023240067064762117,"w":0.9587867259979248},"size":1.6893184185028077,"orthographic":false}