{"cameraMode":{"drawMode":0,"name":"Shaded","section":"Shading Mode"},"sceneLighting":false,"audioPlay":false,"sceneViewState":{"showFog":true,"showMaterialUpdate":false,"showSkybox":false,"showFlares":true,"showImageEffects":true,"showParticleSystems":true},"in2DMode":false,"pivot":{"x":2.3834807872772219,"y":-0.006358623504638672,"z":0.014966487884521485},"rotation":{"x":-0.39008721709251406,"y":0.37387481331825259,"z":-0.17729462683200837,"w":-0.8225914835929871},"size":4.1377644538879398,"orthographic":false}