{"cameraMode":{"drawMode":0,"name":"Shaded","section":"Shading Mode"},"sceneLighting":false,"audioPlay":false,"sceneViewState":{"showFog":true,"showMaterialUpdate":false,"showSkybox":false,"showFlares":true,"showImageEffects":true,"showParticleSystems":true},"in2DMode":false,"pivot":{"x":-0.3483791649341583,"y":0.5507431626319885,"z":0.36695098876953127},"rotation":{"x":-0.04544706270098686,"y":0.7115744352340698,"z":-0.046150386333465579,"w":-0.6997418999671936},"size":2.65439772605896,"orthographic":false}