{"cameraMode":{"drawMode":0,"name":"Shaded","section":"Shading Mode"},"sceneLighting":false,"audioPlay":false,"sceneViewState":{"showFog":true,"showMaterialUpdate":false,"showSkybox":false,"showFlares":true,"showImageEffects":true,"showParticleSystems":true},"in2DMode":false,"pivot":{"x":-1.1564173698425294,"y":1.4771112203598023,"z":0.6340739727020264},"rotation":{"x":-0.0736679881811142,"y":0.8945801854133606,"z":-0.16027872264385224,"w":-0.4108227789402008},"size":1.8622264862060547,"orthographic":false}