{"cameraMode":{"drawMode":0,"name":"Shaded","section":"Shading Mode"},"sceneLighting":false,"audioPlay":false,"sceneViewState":{"showFog":true,"showMaterialUpdate":false,"showSkybox":false,"showFlares":true,"showImageEffects":true,"showParticleSystems":true},"in2DMode":false,"pivot":{"x":0.5453354716300964,"y":-0.7462783455848694,"z":-0.11114955693483353},"rotation":{"x":-0.4815962314605713,"y":-0.07163094729185105,"z":0.039534684270620349,"w":-0.8725985288619995},"size":3.299999952316284,"orthographic":false}