{"cameraMode":{"drawMode":0,"name":"Shaded","section":"Shading Mode"},"sceneLighting":true,"audioPlay":false,"sceneViewState":{"showFog":true,"showMaterialUpdate":false,"showSkybox":true,"showFlares":true,"showImageEffects":true,"showParticleSystems":true},"in2DMode":false,"pivot":{"x":146.29296875,"y":264.2254943847656,"z":161.30174255371095},"rotation":{"x":-0.11338133364915848,"y":0.19158890843391419,"z":-0.02228761836886406,"w":-0.9746506214141846},"size":387.79412841796877,"orthographic":false}