{"cameraMode":{"drawMode":0,"name":"Shaded","section":"Shading Mode"},"sceneLighting":true,"audioPlay":false,"sceneViewState":{"showFog":true,"showMaterialUpdate":false,"showSkybox":true,"showFlares":true,"showImageEffects":true,"showParticleSystems":true},"in2DMode":false,"pivot":{"x":1.3367811441421509,"y":-1.9382768869400025,"z":8.76522445678711},"rotation":{"x":0.11103179305791855,"y":0.02980486862361431,"z":-0.003332006512209773,"w":0.9933754205703735},"size":13.095230102539063,"orthographic":false}